{"angry": 18.16091388463974, "disgust": 0.0007776196071063168, "fear": 0.9993141517043114, "happy": 0.0016968810086837038, "sad": 57.14399218559265, "surprise": 1.7209158897912857e-05, "neutral": 23.693285882472992}